Name,NPOC_mg_C_per_L,TN_mg_N_per_L,Randomized_ID,Sample_ID,Dilution_Factor,NPOC_after_correcting_for_dilution,TN_after_correcting_for_dilution
ECA2_0001_01-a,2.017,0.102793333,ECA2_0001_01-a,ECA2_0001_01-a,4.67,9.41939,0.480044867
ECA2_0001_02-a,20.91333333,1.991333333,ECA2_0001_02-a,ECA2_0001_02-a,4.67,97.66526667,9.299526667
ECA2_0001_03-a,1.230666667,Below_Range,ECA2_0001_03-a,ECA2_0001_03-a,4.67,5.747213333,Below_Range
ECA2_0001_04-a,2.882333333,0.2144,ECA2_0001_04-a,ECA2_0001_04-a,4.67,13.46049667,1.001248
ECA2_0001_05-a,7.229333333,2.125,ECA2_0001_05-a,ECA2_0001_05-a,4.67,33.76098667,9.92375
ECA2_0001_06-a,3.057,0.2846,ECA2_0001_06-a,ECA2_0001_06-a,4.67,14.27619,1.329082
ECA2_0001_07-a,5.185666667,0.498533333,ECA2_0001_07-a,ECA2_0001_07-a,4.67,24.21706333,2.328150667
ECA2_0001_08-a,2.947,0.296266667,ECA2_0001_08-a,ECA2_0001_08-a,4.67,13.76249,1.383565333
ECA2_0001_09-a,4.690333333,0.4552,ECA2_0001_09-a,ECA2_0001_09-a,4.67,21.90385667,2.125784
ECA2_0001_10-a,7.011333333,1.004333333,ECA2_0001_10-a,ECA2_0001_10-a,4.67,32.74292667,4.690236667
ECA2_0002_01-a,0.658266667,2.738333333,ECA2_0002_01-a,ECA2_0002_01-a,155.6511,102.4599308,426.2245955
ECA2_0002_02-a,10.91333333,1.449,ECA2_0002_02-a,ECA2_0002_02-a,4.67,50.96526667,6.76683
ECA2_0002_03-a,16.76333333,2.332333333,ECA2_0002_03-a,ECA2_0002_03-a,4.67,78.28476667,10.89199667
ECA2_0002_04-a,24.11,2.459,ECA2_0002_04-a,ECA2_0002_04-a,4.67,112.5937,11.48353
ECA2_0002_05-a,1.481,1.628666667,ECA2_0002_05-a,ECA2_0002_05-a,65.30995,96.72403595,106.3681386
ECA2_0002_06-a,22.01666667,2.169333333,ECA2_0002_06-a,ECA2_0002_06-a,4.67,102.8178333,10.13078667
ECA2_0002_07-a,24.91666667,2.457333333,ECA2_0002_07-a,ECA2_0002_07-a,4.67,116.3608333,11.47574667
ECA2_0002_08-a,12.45333333,1.649666667,ECA2_0002_08-a,ECA2_0002_08-a,4.67,58.15706667,7.703943333
ECA2_0002_09-a,11.77,1.205,ECA2_0002_09-a,ECA2_0002_09-a,4.67,54.9659,5.62735
ECA2_0002_10-a,8.373333333,0.968566667,ECA2_0002_10-a,ECA2_0002_10-a,4.67,39.10346667,4.523206333
ECA2_0003_01-a,4.847666667,2.849666667,ECA2_0003_01-a,ECA2_0003_01-a,4.67,22.63860333,13.30794333
ECA2_0003_02-a,5.244,0.721533333,ECA2_0003_02-a,ECA2_0003_02-a,4.67,24.48948,3.369560667
ECA2_0003_03-a,4.707,0.4063,ECA2_0003_03-a,ECA2_0003_03-a,4.67,21.98169,1.897421
ECA2_0003_04-a,10.20666667,0.923533333,ECA2_0003_04-a,ECA2_0003_04-a,4.67,47.66513333,4.312900667
ECA2_0003_05-a,5.866666667,Above_Range,ECA2_0003_05-a,ECA2_0003_05-a,4.67,27.39733333,Above_Range
ECA2_0003_06-a,6.361666667,0.464433333,ECA2_0003_06-a,ECA2_0003_06-a,4.67,29.70898333,2.168903667
ECA2_0003_07-a,8.238666667,0.568833333,ECA2_0003_07-a,ECA2_0003_07-a,4.67,38.47457333,2.656451667
ECA2_0003_08-a,5.233666667,0.2962,ECA2_0003_08-a,ECA2_0003_08-a,4.67,24.44122333,1.383254
ECA2_0003_09-a,7.654,0.850133333,ECA2_0003_09-a,ECA2_0003_09-a,4.67,35.74418,3.970122667
ECA2_0003_10-a,5.769666667,Above_Range,ECA2_0003_10-a,ECA2_0003_10-a,4.67,26.94434333,Above_Range
ECA2_0005_01-a,21.42,Above_Range,ECA2_0005_01-a,ECA2_0005_01-a,4.67,100.0314,Above_Range
ECA2_0005_02-a,8.824666667,0.9379,ECA2_0005_02-a,ECA2_0005_02-a,4.67,41.21119333,4.379993
ECA2_0005_03-a,27.93666667,Above_Range,ECA2_0005_03-a,ECA2_0005_03-a,4.67,130.4642333,Above_Range
ECA2_0005_05-a,7.223333333,2.222333333,ECA2_0005_05-a,ECA2_0005_05-a,4.67,33.73296667,10.37829667
ECA2_0005_06-a,44.70333333,Above_Range,ECA2_0005_06-a,ECA2_0005_06-a,4.67,208.7645667,Above_Range
ECA2_0005_07-a,71.68,Above_Range,ECA2_0005_07-a,ECA2_0005_07-a,4.67,334.7456,Above_Range
ECA2_0005_08-a,19.52666667,2.909333333,ECA2_0005_08-a,ECA2_0005_08-a,4.67,91.18953333,13.58658667
ECA2_0005_09-a,31.95,Above_Range,ECA2_0005_09-a,ECA2_0005_09-a,4.67,149.2065,Above_Range
ECA2_0005_10-a,16.63,Above_Range,ECA2_0005_10-a,ECA2_0005_10-a,4.67,77.6621,Above_Range
ECA2_0006_01-a,8.017666667,10.94666667,ECA2_0006_01-a,ECA2_0006_01-a,4.67,37.44250333,51.12093333
ECA2_0006_02-a,10.09333333,0.667866667,ECA2_0006_02-a,ECA2_0006_02-a,4.67,47.13586667,3.118937333
ECA2_0006_03-a,15.32,0.879333333,ECA2_0006_03-a,ECA2_0006_03-a,4.67,71.5444,4.106486667
ECA2_0006_04-a,11.62,0.582933333,ECA2_0006_04-a,ECA2_0006_04-a,4.67,54.2654,2.722298667
ECA2_0006_05-a,8.699666667,1.123,ECA2_0006_05-a,ECA2_0006_05-a,4.67,40.62744333,5.24441
ECA2_0006_06-a,9.211,0.4183,ECA2_0006_06-a,ECA2_0006_06-a,4.67,43.01537,1.953461
ECA2_0006_07-a,11.62666667,1.129,ECA2_0006_07-a,ECA2_0006_07-a,4.67,54.29653333,5.27243
ECA2_0006_09-a,5.246,0.285766667,ECA2_0006_09-a,ECA2_0006_09-a,4.67,24.49882,1.334530333
ECA2_0006_10-a,9.265666667,2.85,ECA2_0006_10-a,ECA2_0006_10-a,4.67,43.27066333,13.3095
ECA2_0007_01-a,14.06333333,1.106666667,ECA2_0007_01-a,ECA2_0007_01-a,4.67,65.67576667,5.168133333
ECA2_0007_02-a,15.64,1.411,ECA2_0007_02-a,ECA2_0007_02-a,4.67,73.0388,6.58937
ECA2_0007_03-a,13.79,0.954433333,ECA2_0007_03-a,ECA2_0007_03-a,4.67,64.3993,4.457203667
ECA2_0007_04-a,7.293,0.476,ECA2_0007_04-a,ECA2_0007_04-a,4.67,34.05831,2.22292
ECA2_0007_05-a,22.52,23.34666667,ECA2_0007_05-a,ECA2_0007_05-a,4.67,105.1684,109.0289333
ECA2_0007_06-a,39.76,2.804,ECA2_0007_06-a,ECA2_0007_06-a,4.67,185.6792,13.09468
ECA2_0007_07-a,35.17333333,1.909666667,ECA2_0007_07-a,ECA2_0007_07-a,4.67,164.2594667,8.918143333
ECA2_0007_08-a,5.864666667,0.324766667,ECA2_0007_08-a,ECA2_0007_08-a,4.67,27.38799333,1.516660333
ECA2_0007_09-a,7.622333333,1.816,ECA2_0007_09-a,ECA2_0007_09-a,4.67,35.59629667,8.48072
ECA2_0007_10-a,19.93,1.626,ECA2_0007_10-a,ECA2_0007_10-a,4.67,93.0731,7.59342
ECA2_0008_01-a,2.236666667,0.1774,ECA2_0008_01-a,ECA2_0008_01-a,4.67,10.44523333,0.828458
ECA2_0008_02-a,2.263666667,0.222866667,ECA2_0008_02-a,ECA2_0008_02-a,4.67,10.57132333,1.040787333
ECA2_0008_03-a,3.851,0.561766667,ECA2_0008_03-a,ECA2_0008_03-a,4.67,17.98417,2.623450333
ECA2_0008_04-a,3.301,0.3909,ECA2_0008_04-a,ECA2_0008_04-a,4.67,15.41567,1.825503
ECA2_0008_05-a,7.426,0.8816,ECA2_0008_05-a,ECA2_0008_05-a,4.67,34.67942,4.117072
ECA2_0008_06-a,5.604,0.733633333,ECA2_0008_06-a,ECA2_0008_06-a,4.67,26.17068,3.426067667
ECA2_0008_07-a,7.893333333,1.211,ECA2_0008_07-a,ECA2_0008_07-a,4.67,36.86186667,5.65537
ECA2_0008_08-a,9.738,1.536666667,ECA2_0008_08-a,ECA2_0008_08-a,4.67,45.47646,7.176233333
ECA2_0008_09-a,8.520333333,1.550333333,ECA2_0008_09-a,ECA2_0008_09-a,4.67,39.78995667,7.240056667
ECA2_0008_10-a,7.308666667,1.257333333,ECA2_0008_10-a,ECA2_0008_10-a,4.67,34.13147333,5.871746667
ECA2_0009_01-a,10.84,1.806333333,ECA2_0009_01-a,ECA2_0009_01-a,28.09005,304.496142,50.73999365
ECA2_0009_02-a,9.784,1.588,ECA2_0009_02-a,ECA2_0009_02-a,25.75505,251.9874092,40.8990194
ECA2_0009_03-a,5.384,0.8386,ECA2_0009_03-a,ECA2_0009_03-a,39.90048,214.8241843,33.46054253
ECA2_0009_04-a,4.087666667,0.686333333,ECA2_0009_04-a,ECA2_0009_04-a,41.93193,171.4037525,28.77928129
ECA2_0009_05-a,8.640666667,1.785,ECA2_0009_05-a,ECA2_0009_05-a,31.6626,273.5859724,56.517741
ECA2_0009_06-a,10.002,1.641,ECA2_0009_06-a,ECA2_0009_06-a,28.02,280.25604,45.98082
ECA2_0009_07-a,10.75666667,1.72,ECA2_0009_07-a,ECA2_0009_07-a,26.82915,288.5922235,46.146138
ECA2_0009_08-a,10.53333333,1.617,ECA2_0009_08-a,ECA2_0009_08-a,28.41695,299.3252067,45.95020815
ECA2_0009_09-a,4.186666667,0.685133333,ECA2_0009_09-a,ECA2_0009_09-a,47.2137,197.668024,32.34767966
ECA2_0009_10-a,9.087666667,1.586666667,ECA2_0009_10-a,ECA2_0009_10-a,27.7398,252.0900558,44.013816
ECA2_0010_01-a,2.133333333,0.6653,ECA2_0010_01-a,ECA2_0010_01-a,4.67,9.962666667,3.106951
ECA2_0010_02-a,1.761666667,0.126266667,ECA2_0010_02-a,ECA2_0010_02-a,4.67,8.226983333,0.589665333
ECA2_0010_03-a,1.655666667,0.1181,ECA2_0010_03-a,ECA2_0010_03-a,4.67,7.731963333,0.551527
ECA2_0010_04-a,2.165333333,0.1372,ECA2_0010_04-a,ECA2_0010_04-a,4.67,10.11210667,0.640724
ECA2_0010_05-a,2.124,0.187333333,ECA2_0010_05-a,ECA2_0010_05-a,4.67,9.91908,0.874846667
ECA2_0010_06-a,1.773666667,0.127366667,ECA2_0010_06-a,ECA2_0010_06-a,4.67,8.283023333,0.594802333
ECA2_0010_07-a,4.428,0.427533333,ECA2_0010_07-a,ECA2_0010_07-a,4.67,20.67876,1.996580667
ECA2_0010_08-a,2.918333333,0.351033333,ECA2_0010_08-a,ECA2_0010_08-a,4.67,13.62861667,1.639325667
ECA2_0010_09-a,2.701,2.778666667,ECA2_0010_09-a,ECA2_0010_09-a,4.67,12.61367,12.97637333
ECA2_0010_10-a,1.882333333,0.132633333,ECA2_0010_10-a,ECA2_0010_10-a,4.67,8.790496667,0.619397667
ECA2_0011_01-a,5.002666667,1.725,ECA2_0011_01-a,ECA2_0011_01-a,4.67,23.36245333,8.05575
ECA2_0011_02-a,4.29,0.5056,ECA2_0011_02-a,ECA2_0011_02-a,4.67,20.0343,2.361152
ECA2_0011_03-a,7.044333333,0.562733333,ECA2_0011_03-a,ECA2_0011_03-a,4.67,32.89703667,2.627964667
ECA2_0011_04-a,6.003333333,0.632433333,ECA2_0011_04-a,ECA2_0011_04-a,4.67,28.03556667,2.953463667
ECA2_0011_05-a,3.794333333,0.4643,ECA2_0011_05-a,ECA2_0011_05-a,4.67,17.71953667,2.168281
ECA2_0011_06-a,9.972333333,1.137666667,ECA2_0011_06-a,ECA2_0011_06-a,4.67,46.57079667,5.312903333
ECA2_0011_07-a,4.344,0.473733333,ECA2_0011_07-a,ECA2_0011_07-a,4.67,20.28648,2.212334667
ECA2_0011_08-a,3.268333333,0.3058,ECA2_0011_08-a,ECA2_0011_08-a,4.67,15.26311667,1.428086
ECA2_0011_09-a,3.903666667,0.4184,ECA2_0011_09-a,ECA2_0011_09-a,4.67,18.23012333,1.953928
ECA2_0011_10-a,2.56,0.367766667,ECA2_0011_10-a,ECA2_0011_10-a,4.67,11.9552,1.717470333
ECA2_0013_01-a,2.577333333,0.420166667,ECA2_0013_01-a,ECA2_0013_01-a,4.67,12.03614667,1.962178333
ECA2_0013_02-a,1.256666667,0.1918,ECA2_0013_02-a,ECA2_0013_02-a,4.67,5.868633333,0.895706
ECA2_0013_03-a,7.088666667,0.8816,ECA2_0013_03-a,ECA2_0013_03-a,4.67,33.10407333,4.117072
ECA2_0013_04-a,4.994,0.535866667,ECA2_0013_04-a,ECA2_0013_04-a,4.67,23.32198,2.502497333
ECA2_0013_05-a,9.272,1.199,ECA2_0013_05-a,ECA2_0013_05-a,4.67,43.30024,5.59933
ECA2_0013_06-a,3.059666667,0.460966667,ECA2_0013_06-a,ECA2_0013_06-a,4.67,14.28864333,2.152714333
ECA2_0013_07-a,3.313666667,0.453166667,ECA2_0013_07-a,ECA2_0013_07-a,4.67,15.47482333,2.116288333
ECA2_0013_08-a,3.354333333,0.528966667,ECA2_0013_08-a,ECA2_0013_08-a,4.67,15.66473667,2.470274333
ECA2_0013_09-a,6.840333333,0.769866667,ECA2_0013_09-a,ECA2_0013_09-a,4.67,31.94435667,3.595277333
ECA2_0013_10-a,7.898333333,1.119,ECA2_0013_10-a,ECA2_0013_10-a,4.67,36.88521667,5.22573
ECA2_0016_01-a,1.581666667,Below_Range,ECA2_0016_01-a,ECA2_0016_01-a,4.67,7.386383333,Below_Range
ECA2_0016_02-a,2.051666667,0.230133333,ECA2_0016_02-a,ECA2_0016_02-a,4.67,9.581283333,1.074722667
ECA2_0016_03-a,1.132,Below_Range,ECA2_0016_03-a,ECA2_0016_03-a,4.67,5.28644,Below_Range
ECA2_0016_04-a,1.356333333,Below_Range,ECA2_0016_04-a,ECA2_0016_04-a,4.67,6.334076667,Below_Range
ECA2_0016_05-a,1.107,1.026666667,ECA2_0016_05-a,ECA2_0016_05-a,4.67,5.16969,4.794533333
ECA2_0016_06-a,0.9197,Below_Range,ECA2_0016_06-a,ECA2_0016_06-a,4.67,4.294999,Below_Range
ECA2_0016_07-a,0.875766667,Below_Range,ECA2_0016_07-a,ECA2_0016_07-a,4.67,4.089830333,Below_Range
ECA2_0016_08-a,1.088666667,Below_Range,ECA2_0016_08-a,ECA2_0016_08-a,4.67,5.084073333,Below_Range
ECA2_0016_09-a,0.976833333,Below_Range,ECA2_0016_09-a,ECA2_0016_09-a,4.67,4.561811667,Below_Range
ECA2_0016_10-a,1.302,Below_Range,ECA2_0016_10-a,ECA2_0016_10-a,4.67,6.08034,Below_Range
ECA2_0017_01-a,31.07333333,Above_Range,ECA2_0017_01-a,ECA2_0017_01-a,4.67,145.1124667,Above_Range
ECA2_0017_02-a,31.03333333,Above_Range,ECA2_0017_02-a,ECA2_0017_02-a,4.67,144.9256667,Above_Range
ECA2_0017_03-a,22.5,2.298333333,ECA2_0017_03-a,ECA2_0017_03-a,4.67,105.075,10.73321667
ECA2_0017_04-a,25.98666667,2.992,ECA2_0017_04-a,ECA2_0017_04-a,4.67,121.3577333,13.97264
ECA2_0017_05-a,38.27333333,Above_Range,ECA2_0017_05-a,ECA2_0017_05-a,4.67,178.7364667,Above_Range
ECA2_0017_06-a,7.856333333,0.9788,ECA2_0017_06-a,ECA2_0017_06-a,4.67,36.68907667,4.570996
ECA2_0017_07-a,10.59,2.245333333,ECA2_0017_07-a,ECA2_0017_07-a,4.67,49.4553,10.48570667
ECA2_0017_08-a,18.42333333,2.620333333,ECA2_0017_08-a,ECA2_0017_08-a,4.67,86.03696667,12.23695667
ECA2_0017_09-a,26.18666667,Above_Range,ECA2_0017_09-a,ECA2_0017_09-a,4.67,122.2917333,Above_Range
ECA2_0017_10-a,7.105333333,1.022333333,ECA2_0017_10-a,ECA2_0017_10-a,4.67,33.18190667,4.774296667
ECA2_0018_01-a,3.035,0.289466667,ECA2_0018_01-a,ECA2_0018_01-a,4.67,14.17345,1.351809333
ECA2_0018_02-a,3.101333333,0.252366667,ECA2_0018_02-a,ECA2_0018_02-a,4.67,14.48322667,1.178552333
ECA2_0018_03-a,3.159333333,0.368333333,ECA2_0018_03-a,ECA2_0018_03-a,4.67,14.75408667,1.720116667
ECA2_0018_04-a,2.583666667,0.444533333,ECA2_0018_04-a,ECA2_0018_04-a,4.67,12.06572333,2.075970667
ECA2_0018_05-b,2.376,0.846533333,ECA2_0018_05-b,ECA2_0018_05-b,4.67,11.09592,3.953310667
ECA2_0018_06-b,2.907,0.7464,ECA2_0018_06-b,ECA2_0018_06-b,4.67,13.57569,3.485688
ECA2_0018_07-a,3.703333333,0.605933333,ECA2_0018_07-a,ECA2_0018_07-a,4.67,17.29456667,2.829708667
ECA2_0018_09-b,2.602,0.748866667,ECA2_0018_09-b,ECA2_0018_09-b,4.67,12.15134,3.497207333
ECA2_0018_10-a,3.101666667,0.884833333,ECA2_0018_10-a,ECA2_0018_10-a,4.67,14.48478333,4.132171667
ECA2_0019_01-a,6.231666667,0.8454,ECA2_0019_01-a,ECA2_0019_01-a,4.67,29.10188333,3.948018
ECA2_0019_02-a,8.357,0.8286,ECA2_0019_02-a,ECA2_0019_02-a,4.67,39.02719,3.869562
ECA2_0019_04-a,4.027333333,0.469766667,ECA2_0019_04-a,ECA2_0019_04-a,4.67,18.80764667,2.193810333
ECA2_0019_05-a,4.608333333,0.697466667,ECA2_0019_05-a,ECA2_0019_05-a,4.67,21.52091667,3.257169333
ECA2_0019_07-a,7.985,0.7864,ECA2_0019_07-a,ECA2_0019_07-a,4.67,37.28995,3.672488
ECA2_0019_08-a,8.463666667,0.768233333,ECA2_0019_08-a,ECA2_0019_08-a,4.67,39.52532333,3.587649667
ECA2_0019_09-a,7.014333333,0.820433333,ECA2_0019_09-a,ECA2_0019_09-a,4.67,32.75693667,3.831423667
ECA2_0019_10-a,9.971,1.061333333,ECA2_0019_10-a,ECA2_0019_10-a,4.67,46.56457,4.956426667
ECA2_0021_01-a,11.30666667,0.695433333,ECA2_0021_01-a,ECA2_0021_01-a,4.67,52.80213333,3.247673667
ECA2_0021_02-a,6.282,0.4628,ECA2_0021_02-a,ECA2_0021_02-a,4.67,29.33694,2.161276
ECA2_0021_03-a,7.286333333,0.396266667,ECA2_0021_03-a,ECA2_0021_03-a,4.67,34.02717667,1.850565333
ECA2_0021_04-a,6.632666667,0.339266667,ECA2_0021_04-a,ECA2_0021_04-a,4.67,30.97455333,1.584375333
ECA2_0021_05-a,20.56666667,1.405333333,ECA2_0021_05-a,ECA2_0021_05-a,4.67,96.04633333,6.562906667
ECA2_0021_06-a,8.812,0.537633333,ECA2_0021_06-a,ECA2_0021_06-a,4.67,41.15204,2.510747667
ECA2_0021_07-a,17.72,0.940466667,ECA2_0021_07-a,ECA2_0021_07-a,4.67,82.7524,4.391979333
ECA2_0021_08-a,15.28,0.790533333,ECA2_0021_08-a,ECA2_0021_08-a,4.67,71.3576,3.691790667
ECA2_0021_09-a,2.369,0.770533333,ECA2_0021_09-a,ECA2_0021_09-a,4.67,11.06323,3.598390667
ECA2_0021_10-a,14.17,1.518333333,ECA2_0021_10-a,ECA2_0021_10-a,4.67,66.1739,7.090616667
ECA2_0022_01-a,3.589666667,0.782133333,ECA2_0022_01-a,ECA2_0022_01-a,4.67,16.76374333,3.652562667
ECA2_0022_02-a,9.197666667,0.552366667,ECA2_0022_02-a,ECA2_0022_02-a,4.67,42.95310333,2.579552333
ECA2_0022_03-a,4.215,0.324333333,ECA2_0022_03-a,ECA2_0022_03-a,4.67,19.68405,1.514636667
ECA2_0022_04-a,1.951333333,0.187666667,ECA2_0022_04-a,ECA2_0022_04-a,4.67,9.112726667,0.876403333
ECA2_0022_05-a,2.018,0.320633333,ECA2_0022_05-a,ECA2_0022_05-a,4.67,9.42406,1.497357667
ECA2_0022_06-a,1.930666667,0.129033333,ECA2_0022_06-a,ECA2_0022_06-a,4.67,9.016213333,0.602585667
ECA2_0022_07-a,3.746333333,0.380466667,ECA2_0022_07-a,ECA2_0022_07-a,4.67,17.49537667,1.776779333
ECA2_0022_08-a,5.024666667,0.211733333,ECA2_0022_08-a,ECA2_0022_08-a,4.67,23.46519333,0.988794667
ECA2_0022_09-a,2.805,0.238133333,ECA2_0022_09-a,ECA2_0022_09-a,4.67,13.09935,1.112082667
ECA2_0022_10-a,5.660666667,0.454333333,ECA2_0022_10-a,ECA2_0022_10-a,4.67,26.43531333,2.121736667
ECA2_0023_01-a,16.31,1.911666667,ECA2_0023_01-a,ECA2_0023_01-a,4.67,76.1677,8.927483333
ECA2_0023_02-a,5.778333333,0.471133333,ECA2_0023_02-a,ECA2_0023_02-a,4.67,26.98481667,2.200192667
ECA2_0023_03-a,14.04666667,1.641333333,ECA2_0023_03-a,ECA2_0023_03-a,4.67,65.59793333,7.665026667
ECA2_0023_05-a,31.23,Above_Range,ECA2_0023_05-a,ECA2_0023_05-a,4.67,145.8441,Above_Range
ECA2_0023_08-a,6.059,0.5732,ECA2_0023_08-a,ECA2_0023_08-a,4.67,28.29553,2.676844
ECA2_0023_09-a,4.495666667,0.3991,ECA2_0023_09-a,ECA2_0023_09-a,4.67,20.99476333,1.863797
ECA2_0023_10-a,24.52333333,1.352333333,ECA2_0023_10-a,ECA2_0023_10-a,4.67,114.5239667,6.315396667
ECA2_0024_01-a,20.82666667,1.708666667,ECA2_0024_01-a,ECA2_0024_01-a,4.67,97.26053333,7.979473333
ECA2_0024_05-a,7.050333333,0.4777,ECA2_0024_05-a,ECA2_0024_05-a,4.67,32.92505667,2.230859
ECA2_0024_06-a,5.407666667,0.355766667,ECA2_0024_06-a,ECA2_0024_06-a,4.67,25.25380333,1.661430333
ECA2_0024_07-a,7.403333333,0.6168,ECA2_0024_07-a,ECA2_0024_07-a,4.67,34.57356667,2.880456
ECA2_0024_08-a,4.569333333,0.237533333,ECA2_0024_08-a,ECA2_0024_08-a,4.67,21.33878667,1.109280667
ECA2_0024_09-a,6.532333333,2.016,ECA2_0024_09-a,ECA2_0024_09-a,4.67,30.50599667,9.41472
ECA2_0024_10-a,6.667,0.752066667,ECA2_0024_10-a,ECA2_0024_10-a,4.67,31.13489,3.512151333
ECA2_0026_01-a,5.161333333,0.567166667,ECA2_0026_01-a,ECA2_0026_01-a,4.67,24.10342667,2.648668333
ECA2_0026_02-a,8.068666667,0.9324,ECA2_0026_02-a,ECA2_0026_02-a,4.67,37.68067333,4.354308
ECA2_0026_03-a,11.00333333,1.532666667,ECA2_0026_03-a,ECA2_0026_03-a,4.67,51.38556667,7.157553333
ECA2_0026_04-a,10.08,1.484333333,ECA2_0026_04-a,ECA2_0026_04-a,4.67,47.0736,6.931836667
ECA2_0026_05-a,10.36333333,1.504,ECA2_0026_05-a,ECA2_0026_05-a,4.67,48.39676667,7.02368
ECA2_0026_06-a,10.56,1.690666667,ECA2_0026_06-a,ECA2_0026_06-a,4.67,49.3152,7.895413333
ECA2_0026_07-a,10.78333333,1.695,ECA2_0026_07-a,ECA2_0026_07-a,4.67,50.35816667,7.91565
ECA2_0026_08-a,10.76666667,1.726,ECA2_0026_08-a,ECA2_0026_08-a,4.67,50.28033333,8.06042
ECA2_0026_09-a,12.12,1.997666667,ECA2_0026_09-a,ECA2_0026_09-a,4.67,56.6004,9.329103333
ECA2_0026_10-a,13.59,2.370666667,ECA2_0026_10-a,ECA2_0026_10-a,4.67,63.4653,11.07101333
ECA2_0027_01-a,7.755666667,0.639533333,ECA2_0027_01-a,ECA2_0027_01-a,4.67,36.21896333,2.986620667
ECA2_0027_02-a,7.491,0.865133333,ECA2_0027_02-a,ECA2_0027_02-a,4.67,34.98297,4.040172667
ECA2_0027_03-a,19.82,1.515666667,ECA2_0027_03-a,ECA2_0027_03-a,4.67,92.5594,7.078163333
ECA2_0027_04-a,8.339,0.666133333,ECA2_0027_04-a,ECA2_0027_04-a,4.67,38.94313,3.110842667
ECA2_0027_05-a,4.859333333,1.234666667,ECA2_0027_05-a,ECA2_0027_05-a,4.67,22.69308667,5.765893333
ECA2_0027_06-a,15.04666667,1.859,ECA2_0027_06-a,ECA2_0027_06-a,4.67,70.26793333,8.68153
ECA2_0027_07-a,8.271333333,1.103,ECA2_0027_07-a,ECA2_0027_07-a,4.67,38.62712667,5.15101
ECA2_0027_08-a,12.33333333,1.635666667,ECA2_0027_08-a,ECA2_0027_08-a,4.67,57.59666667,7.638563333
ECA2_0027_09-a,6.447666667,0.681766667,ECA2_0027_09-a,ECA2_0027_09-a,4.67,30.11060333,3.183850333
ECA2_0027_10-a,16.14666667,1.081,ECA2_0027_10-a,ECA2_0027_10-a,4.67,75.40493333,5.04827
ECA2_0028_01-a,1.904666667,0.3314,ECA2_0028_01-a,ECA2_0028_01-a,4.67,8.894793333,1.547638
ECA2_0028_02-a,2.227333333,0.1413,ECA2_0028_02-a,ECA2_0028_02-a,4.67,10.40164667,0.659871
ECA2_0028_03-a,4.696333333,0.4426,ECA2_0028_03-a,ECA2_0028_03-a,4.67,21.93187667,2.066942
ECA2_0028_04-a,2.459666667,0.144133333,ECA2_0028_04-a,ECA2_0028_04-a,4.67,11.48664333,0.673102667
ECA2_0028_05-a,3.590666667,0.276233333,ECA2_0028_05-a,ECA2_0028_05-a,4.67,16.76841333,1.290009667
ECA2_0028_06-a,5.021666667,0.3121,ECA2_0028_06-a,ECA2_0028_06-a,4.67,23.45118333,1.457507
ECA2_0028_07-a,2.023,Below_Range,ECA2_0028_07-a,ECA2_0028_07-a,4.67,9.44741,Below_Range
ECA2_0028_08-a,2.250666667,Below_Range,ECA2_0028_08-a,ECA2_0028_08-a,4.67,10.51061333,Below_Range
ECA2_0028_09-a,3.922333333,0.2316,ECA2_0028_09-a,ECA2_0028_09-a,4.67,18.31729667,1.081572
ECA2_0028_10-a,2.604333333,0.173466667,ECA2_0028_10-a,ECA2_0028_10-a,4.67,12.16223667,0.810089333
ECA2_0029_01-a,18.11666667,1.385,ECA2_0029_01-a,ECA2_0029_01-a,4.67,84.60483333,6.46795
ECA2_0029_02-a,20.25,1.577333333,ECA2_0029_02-a,ECA2_0029_02-a,4.67,94.5675,7.366146667
ECA2_0029_03-a,11.63666667,0.934,ECA2_0029_03-a,ECA2_0029_03-a,4.67,54.34323333,4.36178
ECA2_0029_04-a,9.728,0.8125,ECA2_0029_04-a,ECA2_0029_04-a,4.67,45.42976,3.794375
ECA2_0029_05-a,10.01933333,Above_Range,ECA2_0029_05-a,ECA2_0029_05-a,4.67,46.79028667,Above_Range
ECA2_0029_06-a,9.262333333,0.883933333,ECA2_0029_06-a,ECA2_0029_06-a,4.67,43.25509667,4.127968667
ECA2_0029_07-a,28.22,1.750666667,ECA2_0029_07-a,ECA2_0029_07-a,4.67,131.7874,8.175613333
ECA2_0029_08-a,13.37666667,1.209333333,ECA2_0029_08-a,ECA2_0029_08-a,4.67,62.46903333,5.647586667
ECA2_0029_09-a,16.45,1.132666667,ECA2_0029_09-a,ECA2_0029_09-a,4.67,76.8215,5.289553333
ECA2_0029_10-a,10.36,Above_Range,ECA2_0029_10-a,ECA2_0029_10-a,4.67,48.3812,Above_Range
ECA2_0033_01-a,3.727333333,Above_Range,ECA2_0033_01-a,ECA2_0033_01-a,4.67,17.40664667,Above_Range
ECA2_0033_02-a,5.426666667,0.4715,ECA2_0033_02-a,ECA2_0033_02-a,4.67,25.34253333,2.201905
ECA2_0033_03-a,5.233333333,0.494,ECA2_0033_03-a,ECA2_0033_03-a,4.67,24.43966667,2.30698
ECA2_0033_04-a,5.798666667,0.4347,ECA2_0033_04-a,ECA2_0033_04-a,4.67,27.07977333,2.030049
ECA2_0033_05-a,5.212333333,23.4,ECA2_0033_05-a,ECA2_0033_05-a,4.67,24.34159667,109.278
ECA2_0033_06-a,2.792333333,0.404366667,ECA2_0033_06-a,ECA2_0033_06-a,4.67,13.04019667,1.888392333
ECA2_0033_08-a,2.33,0.210833333,ECA2_0033_08-a,ECA2_0033_08-a,4.67,10.8811,0.984591667
ECA2_0033_09-a,3.81,0.5826,ECA2_0033_09-a,ECA2_0033_09-a,4.67,17.7927,2.720742
ECA2_0033_10-a,2.831,2.072333333,ECA2_0033_10-a,ECA2_0033_10-a,4.67,13.22077,9.677796667
ECA2_0034_01-a,27.07,Above_Range,ECA2_0034_01-a,ECA2_0034_01-a,4.67,126.4169,Above_Range
ECA2_0034_02-a,19.91333333,1.638,ECA2_0034_02-a,ECA2_0034_02-a,4.67,92.99526667,7.64946
ECA2_0034_03-a,26.03333333,2.298666667,ECA2_0034_03-a,ECA2_0034_03-a,4.67,121.5756667,10.73477333
ECA2_0034_04-a,16.54666667,1.596,ECA2_0034_04-a,ECA2_0034_04-a,4.67,77.27293333,7.45332
ECA2_0034_05-a,1.370333333,0.154833333,ECA2_0034_05-a,ECA2_0034_05-a,4.67,6.399456667,0.723071667
ECA2_0034_06-a,1.428,0.147266667,ECA2_0034_06-a,ECA2_0034_06-a,4.67,6.66876,0.687735333
ECA2_0034_07-a,23.05,2.224,ECA2_0034_07-a,ECA2_0034_07-a,4.67,107.6435,10.38608
ECA2_0034_08-a,22.54,1.933,ECA2_0034_08-a,ECA2_0034_08-a,4.67,105.2618,9.02711
ECA2_0034_09-a,25.66333333,2.192666667,ECA2_0034_09-a,ECA2_0034_09-a,4.67,119.8477667,10.23975333
ECA2_0034_10-a,28.06,2.343666667,ECA2_0034_10-a,ECA2_0034_10-a,4.67,131.0402,10.94492333
ECA2_0035_01-a,7.995333333,0.787133333,ECA2_0035_01-a,ECA2_0035_01-a,4.67,37.33820667,3.675912667
ECA2_0035_02-a,16.48333333,2.480666667,ECA2_0035_02-a,ECA2_0035_02-a,4.67,76.97716667,11.58471333
ECA2_0035_03-a,13.14,1.132,ECA2_0035_03-a,ECA2_0035_03-a,4.67,61.3638,5.28644
ECA2_0035_04-a,12.02333333,1.454333333,ECA2_0035_04-a,ECA2_0035_04-a,4.67,56.14896667,6.791736667
ECA2_0035_05-a,12.93,Above_Range,ECA2_0035_05-a,ECA2_0035_05-a,4.67,60.3831,Above_Range
ECA2_0035_07-a,6.43,0.7371,ECA2_0035_07-a,ECA2_0035_07-a,4.67,30.0281,3.442257
ECA2_0035_08-a,5.131,0.3951,ECA2_0035_08-a,ECA2_0035_08-a,4.67,23.96177,1.845117
ECA2_0035_10-a,40.74666667,Above_Range,ECA2_0035_10-a,ECA2_0035_10-a,4.67,190.2869333,Above_Range
ECA2_0036_01-a,5.277666667,0.4885,ECA2_0036_01-a,ECA2_0036_01-a,40.96524,216.2008816,20.01151974
ECA2_0036_02-a,5.587333333,0.486166667,ECA2_0036_02-a,ECA2_0036_02-a,30.51378,170.4906601,14.83478271
ECA2_0036_03-a,26.02333333,2.251,ECA2_0036_03-a,ECA2_0036_03-a,4.67,121.5289667,10.51217
ECA2_0036_04-a,15.27666667,1.084333333,ECA2_0036_04-a,ECA2_0036_04-a,4.67,71.34203333,5.063836667
ECA2_0036_05-a,8.977,1.235333333,ECA2_0036_05-a,ECA2_0036_05-a,4.67,41.92259,5.769006667
ECA2_0036_06-a,3.494,0.311933333,ECA2_0036_06-a,ECA2_0036_06-a,4.67,16.31698,1.456728667
ECA2_0036_07-a,14.25,1.107333333,ECA2_0036_07-a,ECA2_0036_07-a,4.67,66.5475,5.171246667
ECA2_0036_08-a,14.55666667,1.312333333,ECA2_0036_08-a,ECA2_0036_08-a,4.67,67.97963333,6.128596667
ECA2_0036_09-a,2.867666667,0.458533333,ECA2_0036_09-a,ECA2_0036_09-a,38.37806,110.0554834,17.59761978
ECA2_0036_10-a,9.882666667,1.157333333,ECA2_0036_10-a,ECA2_0036_10-a,4.67,46.15205333,5.404746667
ECA2_0037_01-a,3.222,0.5075,ECA2_0037_01-a,ECA2_0037_01-a,4.67,15.04674,2.370025
ECA2_0037_02-a,2.684333333,0.290533333,ECA2_0037_02-a,ECA2_0037_02-a,4.67,12.53583667,1.356790667
ECA2_0037_03-a,16.01333333,1.033666667,ECA2_0037_03-a,ECA2_0037_03-a,4.67,74.78226667,4.827223333
ECA2_0037_04-a,6.707,0.7039,ECA2_0037_04-a,ECA2_0037_04-a,4.67,31.32169,3.287213
ECA2_0037_05-a,17.17666667,1.187666667,ECA2_0037_05-a,ECA2_0037_05-a,4.67,80.21503333,5.546403333
ECA2_0037_06-a,11.79,0.7919,ECA2_0037_06-a,ECA2_0037_06-a,4.67,55.0593,3.698173
ECA2_0037_07-a,15.06333333,1.547666667,ECA2_0037_07-a,ECA2_0037_07-a,4.67,70.34576667,7.227603333
ECA2_0037_08-a,21.6,1.834,ECA2_0037_08-a,ECA2_0037_08-a,4.67,100.872,8.56478
ECA2_0037_09-a,30.11333333,2.535,ECA2_0037_09-a,ECA2_0037_09-a,4.67,140.6292667,11.83845
ECA2_0037_10-a,23.56,250.1666667,ECA2_0037_10-a,ECA2_0037_10-a,4.67,110.0252,1168.278333
ECA2_0038_01-a,7.372666667,0.323933333,ECA2_0038_01-a,ECA2_0038_01-a,4.67,34.43035333,1.512768667
ECA2_0038_02-b,7.408666667,0.2811,ECA2_0038_02-b,ECA2_0038_02-b,4.67,34.59847333,1.312737
ECA2_0038_03-a,6.411333333,0.2724,ECA2_0038_03-a,ECA2_0038_03-a,4.67,29.94092667,1.272108
ECA2_0038_04-a,8.441,0.344833333,ECA2_0038_04-a,ECA2_0038_04-a,4.67,39.41947,1.610371667
ECA2_0038_05-a,4.449666667,0.181233333,ECA2_0038_05-a,ECA2_0038_05-a,4.67,20.77994333,0.846359667
ECA2_0038_06-a,6.666666667,0.279033333,ECA2_0038_06-a,ECA2_0038_06-a,4.67,31.13333333,1.303085667
ECA2_0038_07-a,7.851666667,0.365433333,ECA2_0038_07-a,ECA2_0038_07-a,4.67,36.66728333,1.706573667
ECA2_0038_08-a,7.853666667,0.362966667,ECA2_0038_08-a,ECA2_0038_08-a,4.67,36.67662333,1.695054333
ECA2_0038_09-a,12.94666667,0.6738,ECA2_0038_09-a,ECA2_0038_09-a,4.67,60.46093333,3.146646
ECA2_0038_10-a,12.72333333,0.7555,ECA2_0038_10-a,ECA2_0038_10-a,4.67,59.41796667,3.528185
ECA2_0039_01-a,0.643733333,Below_Range,ECA2_0039_01-a,ECA2_0039_01-a,4.67,3.006234667,Below_Range
ECA2_0039_02-a,0.703066667,0.1018,ECA2_0039_02-a,ECA2_0039_02-a,4.67,3.283321333,0.475406
ECA2_0039_03-a,0.582733333,Below_Range,ECA2_0039_03-a,ECA2_0039_03-a,4.67,2.721364667,Below_Range
ECA2_0039_04-a,0.579266667,Below_Range,ECA2_0039_04-a,ECA2_0039_04-a,4.67,2.705175333,Below_Range
ECA2_0039_05-a,0.591233333,Below_Range,ECA2_0039_05-a,ECA2_0039_05-a,4.67,2.761059667,Below_Range
ECA2_0039_06-a,0.633433333,Below_Range,ECA2_0039_06-a,ECA2_0039_06-a,4.67,2.958133667,Below_Range
ECA2_0039_07-a,0.7198,Below_Range,ECA2_0039_07-a,ECA2_0039_07-a,4.67,3.361466,Below_Range
ECA2_0039_08-a,0.589333333,Below_Range,ECA2_0039_08-a,ECA2_0039_08-a,4.67,2.752186667,Below_Range
ECA2_0039_09-a,0.6007,Below_Range,ECA2_0039_09-a,ECA2_0039_09-a,4.67,2.805269,Below_Range
ECA2_0039_10-a,0.591933333,Below_Range,ECA2_0039_10-a,ECA2_0039_10-a,4.67,2.764328667,Below_Range
ECA2_0040_01-a,27.47,1.667,ECA2_0040_01-a,ECA2_0040_01-a,4.67,128.2849,7.78489
ECA2_0040_02-a,15.62333333,0.9733,ECA2_0040_02-a,ECA2_0040_02-a,4.67,72.96096667,4.545311
ECA2_0040_03-a,22.36333333,1.385666667,ECA2_0040_03-a,ECA2_0040_03-a,4.67,104.4367667,6.471063333
ECA2_0040_04-a,18.20666667,1.157333333,ECA2_0040_04-a,ECA2_0040_04-a,4.67,85.02513333,5.404746667
ECA2_0040_05-a,6.270666667,0.346866667,ECA2_0040_05-a,ECA2_0040_05-a,4.67,29.28401333,1.619867333
ECA2_0040_06-a,6.443,0.3983,ECA2_0040_06-a,ECA2_0040_06-a,4.67,30.08881,1.860061
ECA2_0040_07-a,15.50666667,0.741466667,ECA2_0040_07-a,ECA2_0040_07-a,4.67,72.41613333,3.462649333
ECA2_0040_08-a,26.21666667,1.834666667,ECA2_0040_08-a,ECA2_0040_08-a,4.67,122.4318333,8.567893333
ECA2_0040_09-a,16.82666667,0.787933333,ECA2_0040_09-a,ECA2_0040_09-a,4.67,78.58053333,3.679648667
ECA2_0040_10-a,9.908,1.476666667,ECA2_0040_10-a,ECA2_0040_10-a,4.67,46.27036,6.896033333
ECA2_0041_01-a,26.01666667,1.281666667,ECA2_0041_01-a,ECA2_0041_01-a,59.8227,1556.387245,76.6727605
ECA2_0041_02-a,28.66333333,1.442333333,ECA2_0041_02-a,ECA2_0041_02-a,75.8875,2175.188708,109.4550708
ECA2_0041_03-a,48.68,2.476333333,ECA2_0041_03-a,ECA2_0041_03-a,123.1012,5992.566416,304.8396049
ECA2_0041_04-a,3.916333333,0.206133333,ECA2_0041_04-a,ECA2_0041_04-a,105.6354,413.7034382,21.77497712
ECA2_0041_05-a,43.94666667,2.313666667,ECA2_0041_05-a,ECA2_0041_05-a,98.2568,4318.058837,227.3334829
ECA2_0041_06-a,32.91333333,1.353666667,ECA2_0041_06-a,ECA2_0041_06-a,79.35264,2611.759891,107.4170237
ECA2_0041_07-a,28.09333333,1.156666667,ECA2_0041_07-a,ECA2_0041_07-a,57.07674,1603.475882,66.0187626
ECA2_0041_08-a,24.70333333,1.171,ECA2_0041_08-a,ECA2_0041_08-a,4.67,115.3645667,5.46857
ECA2_0041_09-a,19.86666667,1.47,ECA2_0041_09-a,ECA2_0041_09-a,4.67,92.77733333,6.8649
ECA2_0041_10-a,7.299333333,Above_Range,ECA2_0041_10-a,ECA2_0041_10-a,4.67,34.08788667,Above_Range
ECA2_0042_01-a,3.292333333,0.789,ECA2_0042_01-a,ECA2_0042_01-a,4.67,15.37519667,3.68463
ECA2_0042_02-a,8.278,0.6188,ECA2_0042_02-a,ECA2_0042_02-a,4.67,38.65826,2.889796
ECA2_0042_03-a,7.302,0.462833333,ECA2_0042_03-a,ECA2_0042_03-a,4.67,34.10034,2.161431667
ECA2_0042_04-a,6.357,0.3961,ECA2_0042_04-a,ECA2_0042_04-a,4.67,29.68719,1.849787
ECA2_0042_05-a,19.19666667,Above_Range,ECA2_0042_05-a,ECA2_0042_05-a,4.67,89.64843333,Above_Range
ECA2_0042_06-a,15.27666667,1.019,ECA2_0042_06-a,ECA2_0042_06-a,4.67,71.34203333,4.75873
ECA2_0042_07-a,4.583333333,0.3472,ECA2_0042_07-a,ECA2_0042_07-a,4.67,21.40416667,1.621424
ECA2_0042_08-a,4.452333333,0.3912,ECA2_0042_08-a,ECA2_0042_08-a,4.67,20.79239667,1.826904
ECA2_0042_09-a,6.715,0.655366667,ECA2_0042_09-a,ECA2_0042_09-a,4.67,31.35905,3.060562333
ECA2_0042_10-a,5.019666667,0.7755,ECA2_0042_10-a,ECA2_0042_10-a,4.67,23.44184333,3.621585
ECA2_0043_01-a,8.102333333,16.36,ECA2_0043_01-a,ECA2_0043_01-a,4.67,37.83789667,76.4012
ECA2_0043_02-a,3.367333333,0.281933333,ECA2_0043_02-a,ECA2_0043_02-a,4.67,15.72544667,1.316628667
ECA2_0043_03-a,3.763,0.2677,ECA2_0043_03-a,ECA2_0043_03-a,4.67,17.57321,1.250159
ECA2_0043_04-a,3.501333333,0.2804,ECA2_0043_04-a,ECA2_0043_04-a,4.67,16.35122667,1.309468
ECA2_0043_05-a,3.344,1.572,ECA2_0043_05-a,ECA2_0043_05-a,4.67,15.61648,7.34124
ECA2_0043_06-b,2.932666667,0.2274,ECA2_0043_06-b,ECA2_0043_06-b,4.67,13.69555333,1.061958
ECA2_0043_07-a,3.022333333,0.230633333,ECA2_0043_07-a,ECA2_0043_07-a,4.67,14.11429667,1.077057667
ECA2_0043_08-a,2.985666667,0.243133333,ECA2_0043_08-a,ECA2_0043_08-a,4.67,13.94306333,1.135432667
ECA2_0043_09-a,3.386666667,0.290066667,ECA2_0043_09-a,ECA2_0043_09-a,4.67,15.81573333,1.354611333
ECA2_0043_10-a,3.038333333,0.282366667,ECA2_0043_10-a,ECA2_0043_10-a,4.67,14.18901667,1.318652333
ECA2_0044_01-a,11.04,14.16666667,ECA2_0044_01-a,ECA2_0044_01-a,4.67,51.5568,66.15833333
ECA2_0044_02-a,30.28333333,Above_Range,ECA2_0044_02-a,ECA2_0044_02-a,4.67,141.4231667,Above_Range
ECA2_0044_03-a,8.333333333,0.553833333,ECA2_0044_03-a,ECA2_0044_03-a,4.67,38.91666667,2.586401667
ECA2_0044_04-a,5.313333333,0.2884,ECA2_0044_04-a,ECA2_0044_04-a,4.67,24.81326667,1.346828
ECA2_0044_05-a,3.214666667,0.250033333,ECA2_0044_05-a,ECA2_0044_05-a,4.67,15.01249333,1.167655667
ECA2_0044_06-a,2.930666667,0.282033333,ECA2_0044_06-a,ECA2_0044_06-a,4.67,13.68621333,1.317095667
ECA2_0044_07-a,10.52666667,0.672133333,ECA2_0044_07-a,ECA2_0044_07-a,4.67,49.15953333,3.138862667
ECA2_0044_08-a,23.22333333,1.951666667,ECA2_0044_08-a,ECA2_0044_08-a,4.67,108.4529667,9.114283333
ECA2_0044_09-a,15.35666667,1.380333333,ECA2_0044_09-a,ECA2_0044_09-a,4.67,71.71563333,6.446156667
ECA2_0044_10-a,40.45,Above_Range,ECA2_0044_10-a,ECA2_0044_10-a,4.67,188.9015,Above_Range
ECA2_0045_01-a,1.157,0.287533333,ECA2_0045_01-a,ECA2_0045_01-a,4.67,5.40319,1.342780667
ECA2_0045_02-a,0.972866667,0.1768,ECA2_0045_02-a,ECA2_0045_02-a,4.67,4.543287333,0.825656
ECA2_0045_03-a,1.416333333,0.208233333,ECA2_0045_03-a,ECA2_0045_03-a,4.67,6.614276667,0.972449667
ECA2_0045_04-a,1.306,0.128633333,ECA2_0045_04-a,ECA2_0045_04-a,4.67,6.09902,0.600717667
ECA2_0045_05-a,1.219333333,0.173,ECA2_0045_05-a,ECA2_0045_05-a,4.67,5.694286667,0.80791
ECA2_0045_06-a,1.086666667,0.173433333,ECA2_0045_06-a,ECA2_0045_06-a,4.67,5.074733333,0.809933667
ECA2_0045_07-a,1.272,0.1124,ECA2_0045_07-a,ECA2_0045_07-a,4.67,5.94024,0.524908
ECA2_0045_08-a,1.306,0.129533333,ECA2_0045_08-a,ECA2_0045_08-a,4.67,6.09902,0.604920667
ECA2_0045_09-a,1.356,0.1345,ECA2_0045_09-a,ECA2_0045_09-a,4.67,6.33252,0.628115
ECA2_0045_10-a,1.077666667,0.154766667,ECA2_0045_10-a,ECA2_0045_10-a,4.67,5.032703333,0.722760333
ECA2_0047_01-a,14.26333333,279.0333333,ECA2_0047_01-a,ECA2_0047_01-a,4.67,66.60976667,1303.085667
ECA2_0047_02-a,2.892666667,1.070466667,ECA2_0047_02-a,ECA2_0047_02-a,4.67,13.50875333,4.999079333
ECA2_0047_03-a,2.879,0.562266667,ECA2_0047_03-a,ECA2_0047_03-a,4.67,13.44493,2.625785333
ECA2_0047_04-a,3.237666667,0.323266667,ECA2_0047_04-a,ECA2_0047_04-a,4.67,15.11990333,1.509655333
ECA2_0047_05-a,3.620333333,0.5653,ECA2_0047_05-a,ECA2_0047_05-a,4.67,16.90695667,2.639951
ECA2_0047_06-a,2.418333333,0.3462,ECA2_0047_06-a,ECA2_0047_06-a,4.67,11.29361667,1.616754
ECA2_0047_07-a,2.362333333,0.283166667,ECA2_0047_07-a,ECA2_0047_07-a,4.67,11.03209667,1.322388333
ECA2_0047_08-a,2.189,0.2875,ECA2_0047_08-a,ECA2_0047_08-a,4.67,10.22263,1.342625
ECA2_0047_09-a,4.537,0.308233333,ECA2_0047_09-a,ECA2_0047_09-a,4.67,21.18779,1.439449667
ECA2_0047_10-a,2.634333333,0.2098,ECA2_0047_10-a,ECA2_0047_10-a,4.67,12.30233667,0.979766
ECA2_0048_01-a,13.61,1.332,ECA2_0048_01-a,ECA2_0048_01-a,4.67,63.5587,6.22044
ECA2_0048_02-a,19.34,1.797333333,ECA2_0048_02-a,ECA2_0048_02-a,4.67,90.3178,8.393546667
ECA2_0048_03-a,27.20666667,2.697333333,ECA2_0048_03-a,ECA2_0048_03-a,4.67,127.0551333,12.59654667
ECA2_0048_04-a,17.37333333,1.468666667,ECA2_0048_04-a,ECA2_0048_04-a,4.67,81.13346667,6.858673333
ECA2_0048_05-a,35.13333333,Above_Range,ECA2_0048_05-a,ECA2_0048_05-a,4.67,164.0726667,Above_Range
ECA2_0048_06-a,31.28,2.548,ECA2_0048_06-a,ECA2_0048_06-a,4.67,146.0776,11.89916
ECA2_0048_07-a,12.58333333,0.972533333,ECA2_0048_07-a,ECA2_0048_07-a,4.67,58.76416667,4.541730667
ECA2_0048_08-a,14.1,1.445333333,ECA2_0048_08-a,ECA2_0048_08-a,4.67,65.847,6.749706667
ECA2_0048_09-a,65.46666667,Above_Range,ECA2_0048_09-a,ECA2_0048_09-a,4.67,305.7293333,Above_Range
ECA2_0048_10-a,24.67,Above_Range,ECA2_0048_10-a,ECA2_0048_10-a,4.67,115.2089,Above_Range
ECA2_0049_01-a,12.85333333,1.838,ECA2_0049_01-a,ECA2_0049_01-a,4.67,60.02506667,8.58346
ECA2_0049_02-a,15.94,2.163,ECA2_0049_02-a,ECA2_0049_02-a,4.67,74.4398,10.10121
ECA2_0049_03-a,8.352333333,0.916733333,ECA2_0049_03-a,ECA2_0049_03-a,4.67,39.00539667,4.281144667
ECA2_0049_04-a,16.08666667,2.269666667,ECA2_0049_04-a,ECA2_0049_04-a,4.67,75.12473333,10.59934333
ECA2_0049_05-a,18.79,2.94,ECA2_0049_05-a,ECA2_0049_05-a,4.67,87.7493,13.7298
ECA2_0049_06-a,17.32,2.225333333,ECA2_0049_06-a,ECA2_0049_06-a,4.67,80.8844,10.39230667
ECA2_0049_07-a,19.85,2.429,ECA2_0049_07-a,ECA2_0049_07-a,4.67,92.6995,11.34343
ECA2_0049_08-a,30.59333333,Above_Range,ECA2_0049_08-a,ECA2_0049_08-a,4.67,142.8708667,Above_Range
ECA2_0049_09-a,29.72666667,Above_Range,ECA2_0049_09-a,ECA2_0049_09-a,4.67,138.8235333,Above_Range
ECA2_0049_10-a,37.80666667,Above_Range,ECA2_0049_10-a,ECA2_0049_10-a,4.67,176.5571333,Above_Range
ECA2_0050_01-a,14.97333333,1.247333333,ECA2_0050_01-a,ECA2_0050_01-a,4.67,69.92546667,5.825046667
ECA2_0050_02-a,13.09,1.253666667,ECA2_0050_02-a,ECA2_0050_02-a,4.67,61.1303,5.854623333
ECA2_0050_03-a,10.60333333,0.832433333,ECA2_0050_03-a,ECA2_0050_03-a,4.67,49.51756667,3.887463667
ECA2_0050_04-a,28.6,2.370666667,ECA2_0050_04-a,ECA2_0050_04-a,4.67,133.562,11.07101333
ECA2_0050_05-a,8.448333333,0.774066667,ECA2_0050_05-a,ECA2_0050_05-a,4.67,39.45371667,3.614891333
ECA2_0050_06-a,47.72,2.446666667,ECA2_0050_06-a,ECA2_0050_06-a,4.67,222.8524,11.42593333
ECA2_0050_07-a,8.439333333,0.895666667,ECA2_0050_07-a,ECA2_0050_07-a,4.67,39.41168667,4.182763333
ECA2_0050_08-a,17.82,1.481333333,ECA2_0050_08-a,ECA2_0050_08-a,4.67,83.2194,6.917826667
ECA2_0050_09-a,19.71,1.6,ECA2_0050_09-a,ECA2_0050_09-a,4.67,92.0457,7.472
ECA2_0050_10-a,3.234333333,1.847,ECA2_0050_10-a,ECA2_0050_10-a,4.67,15.10433667,8.62549
ECA2_0051_01-a,19.05333333,2.367,ECA2_0051_01-a,ECA2_0051_01-a,4.67,88.97906667,11.05389
ECA2_0051_02-a,16.59333333,2.067333333,ECA2_0051_02-a,ECA2_0051_02-a,4.67,77.49086667,9.654446667
ECA2_0051_03-a,11.14666667,1.489,ECA2_0051_03-a,ECA2_0051_03-a,4.67,52.05493333,6.95363
ECA2_0051_04-a,9.895666667,1.076666667,ECA2_0051_04-a,ECA2_0051_04-a,4.67,46.21276333,5.028033333
ECA2_0051_05-a,8.093666667,1.333666667,ECA2_0051_05-a,ECA2_0051_05-a,4.67,37.79742333,6.228223333
ECA2_0051_06-a,6.518,0.682266667,ECA2_0051_06-a,ECA2_0051_06-a,4.67,30.43906,3.186185333
ECA2_0051_07-a,6.971666667,0.612966667,ECA2_0051_07-a,ECA2_0051_07-a,4.67,32.55768333,2.862554333
ECA2_0051_08-a,5.016333333,0.442133333,ECA2_0051_08-a,ECA2_0051_08-a,4.67,23.42627667,2.064762667
ECA2_0051_09-a,7.324333333,0.7701,ECA2_0051_09-a,ECA2_0051_09-a,4.67,34.20463667,3.596367
ECA2_0051_10-a,6.136666667,0.490833333,ECA2_0051_10-a,ECA2_0051_10-a,4.67,28.65823333,2.292191667
ECA2_0052_01-a,3.759333333,1.128333333,ECA2_0052_01-a,ECA2_0052_01-a,4.67,17.55608667,5.269316667
ECA2_0052_05-a,2.769666667,0.445766667,ECA2_0052_05-a,ECA2_0052_05-a,4.67,12.93434333,2.081730333
ECA2_0052_10-a,3.55,0.502766667,ECA2_0052_10-a,ECA2_0052_10-a,4.67,16.5785,2.347920333
ECA2_0053_01-a,5.452333333,0.630433333,ECA2_0053_01-a,ECA2_0053_01-a,4.67,25.46239667,2.944123667
ECA2_0053_02-a,5.287333333,0.597466667,ECA2_0053_02-a,ECA2_0053_02-a,4.67,24.69184667,2.790169333
ECA2_0053_03-a,4.190333333,0.381333333,ECA2_0053_03-a,ECA2_0053_03-a,4.67,19.56885667,1.780826667
ECA2_0053_04-a,5.800666667,0.576533333,ECA2_0053_04-a,ECA2_0053_04-a,4.67,27.08911333,2.692410667
ECA2_0053_05-a,7.669333333,1.193333333,ECA2_0053_05-a,ECA2_0053_05-a,4.67,35.81578667,5.572866667
ECA2_0053_06-a,7.148666667,0.470733333,ECA2_0053_06-a,ECA2_0053_06-a,4.67,33.38427333,2.198324667
ECA2_0053_07-a,3.945,0.513366667,ECA2_0053_07-a,ECA2_0053_07-a,4.67,18.42315,2.397422333
ECA2_0053_08-a,3.768333333,0.396266667,ECA2_0053_08-a,ECA2_0053_08-a,4.67,17.59811667,1.850565333
ECA2_0053_09-a,3.686333333,0.407966667,ECA2_0053_09-a,ECA2_0053_09-a,4.67,17.21517667,1.905204333
ECA2_0053_10-a,4.412333333,0.629833333,ECA2_0053_10-a,ECA2_0053_10-a,4.67,20.60559667,2.941321667
ECA2_0054_04-a,6.173,0.868166667,ECA2_0054_04-a,ECA2_0054_04-a,4.67,28.82791,4.054338333
ECA2_0054_05-a,2.576666667,0.5401,ECA2_0054_05-a,ECA2_0054_05-a,4.67,12.03303333,2.522267
ECA2_0054_06-a,3.583,0.6094,ECA2_0054_06-a,ECA2_0054_06-a,4.67,16.73261,2.845898
ECA2_0054_09-a,5.208666667,0.861333333,ECA2_0054_09-a,ECA2_0054_09-a,4.67,24.32447333,4.022426667
ECA2_0054_10-a,0.722733333,2.060333333,ECA2_0054_10-a,ECA2_0054_10-a,42.24015,30.52836441,87.02878905
ECA2_0055_01-a,5.765333333,0.465733333,ECA2_0055_01-a,ECA2_0055_01-a,41.32016,238.2244958,19.24417585
ECA2_0055_02-a,2.487333333,0.315066667,ECA2_0055_02-a,ECA2_0055_02-a,4.67,11.61584667,1.471361333
ECA2_0055_03-a,8.176,1.183333333,ECA2_0055_03-a,ECA2_0055_03-a,4.67,38.18192,5.526166667
ECA2_0055_04-a,3.395,0.5578,ECA2_0055_04-a,ECA2_0055_04-a,4.67,15.85465,2.604926
ECA2_0055_05-a,2.803,0.515466667,ECA2_0055_05-a,ECA2_0055_05-a,4.67,13.09001,2.407229333
ECA2_0055_06-a,9.963333333,1.353666667,ECA2_0055_06-a,ECA2_0055_06-a,4.67,46.52876667,6.321623333
ECA2_0055_07-a,12.21666667,1.915333333,ECA2_0055_07-a,ECA2_0055_07-a,4.67,57.05183333,8.944606667
ECA2_0055_08-a,13.5,2.021,ECA2_0055_08-a,ECA2_0055_08-a,4.67,63.045,9.43807
ECA2_0055_09-a,9.302333333,1.117666667,ECA2_0055_09-a,ECA2_0055_09-a,4.67,43.44189667,5.219503333
ECA2_0055_10-a,3.845666667,0.702033333,ECA2_0055_10-a,ECA2_0055_10-a,4.67,17.95926333,3.278495667
ECA2_0056_01-a,2.538333333,0.461466667,ECA2_0056_01-a,ECA2_0056_01-a,46.72802,118.6112908,21.56342363
ECA2_0056_02-a,11.20666667,0.941966667,ECA2_0056_02-a,ECA2_0056_02-a,4.67,52.33513333,4.398984333
ECA2_0056_03-a,4.875333333,0.4117,ECA2_0056_03-a,ECA2_0056_03-a,32.71802,159.5112535,13.47000883
ECA2_0056_04-a,5.259,0.450533333,ECA2_0056_04-a,ECA2_0056_04-a,55.21808,290.3918827,24.87758564
ECA2_0056_05-a,29.55666667,2.247333333,ECA2_0056_05-a,ECA2_0056_05-a,4.67,138.0296333,10.49504667
ECA2_0056_06-a,5.638333333,0.527833333,ECA2_0056_06-a,ECA2_0056_06-a,4.67,26.33101667,2.464981667
ECA2_0056_07-a,7.959,0.428333333,ECA2_0056_07-a,ECA2_0056_07-a,29.16882,232.1546384,12.4939779
ECA2_0056_08-a,31.99666667,1.951333333,ECA2_0056_08-a,ECA2_0056_08-a,4.67,149.4244333,9.112726667
ECA2_0056_09-a,7.080666667,0.716133333,ECA2_0056_09-a,ECA2_0056_09-a,4.67,33.06671333,3.344342667
ECA2_0056_10-a,11.97333333,1.579333333,ECA2_0056_10-a,ECA2_0056_10-a,4.67,55.91546667,7.375486667
ECA2_0058_03-a,5.327333333,1.411333333,ECA2_0058_03-a,ECA2_0058_03-a,4.67,24.87864667,6.590926667
ECA2_0058_04-a,17.03333333,2.724333333,ECA2_0058_04-a,ECA2_0058_04-a,4.67,79.54566667,12.72263667
ECA2_0058_05-a,32.84333333,Above_Range,ECA2_0058_05-a,ECA2_0058_05-a,4.67,153.3783667,Above_Range
ECA2_0058_06-a,14.23333333,2.034,ECA2_0058_06-a,ECA2_0058_06-a,4.67,66.46966667,9.49878
ECA2_0058_07-a,7.616,1.647333333,ECA2_0058_07-a,ECA2_0058_07-a,4.67,35.56672,7.693046667
ECA2_0058_08-a,16.08333333,2.891,ECA2_0058_08-a,ECA2_0058_08-a,4.67,75.10916667,13.50097
ECA2_0058_09-a,19.43,Above_Range,ECA2_0058_09-a,ECA2_0058_09-a,4.67,90.7381,Above_Range
ECA2_0058_10-a,4.481,1.148333333,ECA2_0058_10-a,ECA2_0058_10-a,4.67,20.92627,5.362716667
ECA2_0061_01-a,43.68333333,Above_Range,ECA2_0061_01-a,ECA2_0061_01-a,4.67,204.0011667,Above_Range
ECA2_0061_02-a,23.31666667,1.438333333,ECA2_0061_02-a,ECA2_0061_02-a,4.67,108.8888333,6.717016667
ECA2_0061_03-a,23.09666667,2.782666667,ECA2_0061_03-a,ECA2_0061_03-a,4.67,107.8614333,12.99505333
ECA2_0061_04-a,21.39333333,2.603666667,ECA2_0061_04-a,ECA2_0061_04-a,4.67,99.90686667,12.15912333
ECA2_0061_05-a,19.85666667,2.043,ECA2_0061_05-a,ECA2_0061_05-a,4.67,92.73063333,9.54081
ECA2_0061_06-a,24.82,2.667333333,ECA2_0061_06-a,ECA2_0061_06-a,4.67,115.9094,12.45644667
ECA2_0061_07-a,19.7,1.831333333,ECA2_0061_07-a,ECA2_0061_07-a,4.67,91.999,8.552326667
ECA2_0061_08-a,13.94666667,1.625666667,ECA2_0061_08-a,ECA2_0061_08-a,4.67,65.13093333,7.591863333
ECA2_0061_09-a,23.47,2.228666667,ECA2_0061_09-a,ECA2_0061_09-a,4.67,109.6049,10.40787333
ECA2_0061_10-a,40.83333333,Above_Range,ECA2_0061_10-a,ECA2_0061_10-a,4.67,190.6916667,Above_Range
ECA2_DI_Day1-1,0.344333333,Below_Range,ECA2_DI_Day1-1,ECA2_DI_Day1-1,4.67,0.344333333,Below_Range
ECA2_DI_Day1-2,0.4546,Below_Range,ECA2_DI_Day1-2,ECA2_DI_Day1-2,4.67,0.4546,Below_Range
ECA2_DI_Day2-1,0.8158,Below_Range,ECA2_DI_Day2-1,ECA2_DI_Day2-1,4.67,0.8158,Below_Range
ECA2_DI_Day2-2,0.8831,Below_Range,ECA2_DI_Day2-2,ECA2_DI_Day2-2,4.67,0.8831,Below_Range
ECA2_DI_Day3-1,1.975333333,Below_Range,ECA2_DI_Day3-1,ECA2_DI_Day3-1,4.67,1.975333333,Below_Range
ECA2_DI_Day3-2,1.856666667,Below_Range,ECA2_DI_Day3-2,ECA2_DI_Day3-2,4.67,1.856666667,Below_Range
ECA2_DI_Day4-1,0.348333333,Below_Range,ECA2_DI_Day4-1,ECA2_DI_Day4-1,4.67,0.348333333,Below_Range
ECA2_DI_Day4-2,Below_Range,Below_Range,ECA2_DI_Day4-2,ECA2_DI_Day4-2,4.67,Below_Range,Below_Range
ECA2_DI_Day5-1,Below_Range,Below_Range,ECA2_DI_Day5-1,ECA2_DI_Day5-1,4.67,Below_Range,Below_Range
ECA2_DI_Day5-2,0.3883,Below_Range,ECA2_DI_Day5-2,ECA2_DI_Day5-2,4.67,0.3883,Below_Range
ECA2_DI_Day6-1,0.521166667,Below_Range,ECA2_DI_Day6-1,ECA2_DI_Day6-1,4.67,0.521166667,Below_Range
ECA2_DI_Day6-2,0.290966667,Below_Range,ECA2_DI_Day6-2,ECA2_DI_Day6-2,4.67,0.290966667,Below_Range
ECA2_DI_Day7-1,1.059333333,Below_Range,ECA2_DI_Day7-1,ECA2_DI_Day7-1,4.67,1.059333333,Below_Range
ECA2_DI_Day7-2,1.227333333,Below_Range,ECA2_DI_Day7-2,ECA2_DI_Day7-2,4.67,1.227333333,Below_Range
